cid,text,time,author,channel,votes,photo,heart
Ugw925ZO-deVFwQseHF4AaABAg,"‚ñ∫I teach about Stock Market and Cryptos in my course, you can check it out here:
https://wisdomhatch.com/
_____________________________________________________
‚ñ∫You can check ET Money Genius here: https://etmoney.onelink.me/unJQ/4da0a6f9",2 weeks ago (edited),Akshat Shrivastava,UCqW8jxh4tH1Z1sWPbkGWL4g,26,https://yt3.ggpht.com/VI0OvMwpPQPFGoHAQOHsvtEcFWg-_YzFBhoeohr2CRz1T21Ja4unTGte1Gz6TnDUgVX9wcOG=s176-c-k-c0x00ffffff-no-rj,0.0
Ugym7V00B_IEvHLuEHh4AaABAg,"Sir, Please correct your thumbnail or Title of this video, Because to get 15k from 10L on monthly basis , You have to get 18% return not 15%.üòÖüòâ",3 hours ago (edited),Dulichand Prajapat,UCihZzqkKLbZWmoggp4PQ3Uw,0,https://yt3.ggpht.com/ytc/AKedOLS9GsK8hQt02nPEfHVf2Kyu4XuYY-1sn8EhRCNaDA=s176-c-k-c0x00ffffff-no-rj,0.0
UgyrSGThxOluORTfxo14AaABAg,Pl do make a video on Profit booking,9 hours ago,Anuj Avi,UCbPIKXrneI5wh1CU6osnr-w,0,https://yt3.ggpht.com/ytc/AKedOLS5GT-JmPD7ln9_NaTW4whWKi6rdjCi6K5dqsI9WP-NdZIPbO9lrIpJcvnS7u30=s176-c-k-c0x00ffffff-no-rj,0.0
UgzbaqSBpxFTShktarB4AaABAg,Missleading thumbnail apart from topic spoke every thing else,10 hours ago,Saurabh Jadon,UCKhh75UVKNvr8nb0r_fYHVw,0,https://yt3.ggpht.com/ytc/AKedOLS10ZK55zOTxHV0NP8VF2P7wrdDBhfJ0eK78ETfcQ=s176-c-k-c0x00ffffff-no-rj,0.0
UgxI-JQYhaXvNtJrTXV4AaABAg,Profit booking timings is a major stuck.,18 hours ago,Kamaal J,UCBTz88u0HCAblYBCkB_AEqw,1,https://yt3.ggpht.com/ytc/AKedOLT1UOBaiEbfhPMPL0MF3PmFsNeyrLvEN3Hbznxmkg=s176-c-k-c0x00ffffff-no-rj,0.0
UgzvotQpR4SuN4j1iz14AaABAg,"Yes please, share you thoughts on profit booking",23 hours ago,Divesh Dixit,UC0xBQWRrTIo2diVlAtN5G6w,1,https://yt3.ggpht.com/ytc/AKedOLRT9Ej8P-Smd2NqtTU3EqdELg-eLL_lfKFJONU=s176-c-k-c0x00ffffff-no-rj,0.0
Ugzkg-m_u5S9CFCLHi54AaABAg,"Akshat Sir    üëè
   I salute you sir because I am Hindi knowing but your video made me understand the topic. Sir üôè",1 day ago,Shankar Ji ‡§∂‡§Ç‡§ï‡§∞ ‡§ú‡•Ä,UC-WY6PeatJA6h9RfS0c4UVA,0,https://yt3.ggpht.com/ytc/AKedOLRWwNnpecxNCWBvwPC6OfzewQIbKh_G2v5f5g=s176-c-k-c0x00ffffff-no-rj,0.0
UgwDJh_fRRUvsnp8WSd4AaABAg,"nice clickbait thumbnail, 15k a month or 15k a year ?",1 day ago,T W,UCMEBab1geif0ElAlhBMu7Ag,0,https://yt3.ggpht.com/ytc/AKedOLTMJLjXM77zv-Gswoip2RekZi1CRp8nMEKI-Q=s176-c-k-c0x00ffffff-no-rj,0.0
UgwRDKkFYIzn2Aq0IOl4AaABAg,"Thanks for making such video for us, it gives us courage to hold the stocks during difficult time.",1 day ago,Vivek Kumar Singh,UCRD-MrHvRG4gWrduS4EBemQ,1,https://yt3.ggpht.com/7OAH1NNFOj01n9WxjfbMFRZmKSsP1ssFqAa1lIRtY2lFucx2JkFRS1y8Wf50SLhVq4Tyjhzyfw=s176-c-k-c0x00ffffff-no-rj,0.0
UgyPQW6X4I0Hd40pE4J4AaABAg,When we should book profit.,1 day ago,rohan pedgaonkar,UCxx3UZtMUvGnggvojMVt-pA,0,https://yt3.ggpht.com/6QPqlVxNPnqXlSXYPNTrKFbKWgkkYvGi7icWqM-f2m5nRaTAvNwlmJ-XNVrbymlTp3dXAsKjxw=s176-c-k-c0x00ffffff-no-rj,0.0
UgyBG_d2BgJxfZx7Rql4AaABAg,Thank you Akshat..,1 day ago,Gopala Krishnan,UC63hvgXva8yc6Nxwhs_jXTw,1,https://yt3.ggpht.com/ytc/AKedOLTaWwoEPMLE-D3f1oiEoHuuqjgAtHLjLLG39rk3Yw=s176-c-k-c0x00ffffff-no-rj,0.0
UgySVgpGyKMCNZjSoC54AaABAg,"So Akshat, according to you which are top 7 stocks to get into!",1 day ago,Naveen Chhabra,UCQrLkgwai-q0pc8Lp6t0syg,1,https://yt3.ggpht.com/ytc/AKedOLR0qlyyXgNVtrUfUV_leq8SUWhpVzz2BtUNC6c1=s176-c-k-c0x00ffffff-no-rj,0.0
UgydvG3LM9omQVvIg8Z4AaABAg,"Isn't your first and fourth point contradictory ? If I have HUL and it goes down, I will average out because it's a good business. But you say that if a stock falls against our good judgement, we must not be egoistic and book loss. 
Please explain if possible.",2 days ago,Madhur khanna,UCsKaZfCnG6jlZHSAhv2WXqQ,1,https://yt3.ggpht.com/ytc/AKedOLQcHrHX0wyzU_a2Ee7uE1M6c5-u7elKTG7kE1A=s176-c-k-c0x00ffffff-no-rj,0.0
Ugw8jJeNmlUbkU4eNJZ4AaABAg,"All watching this video, Any one who wanted a guranteed income of 16k to 18k on 10 lacs investment contact me.. (note I mean to say guranteed without conditions*)",2 days ago,Kusum Devrani,UC-3xpbLdzxjbVONCPdaA9SQ,0,https://yt3.ggpht.com/ytc/AKedOLSI1vnvS17uukWDIQzDq3_HBpNU9zM2qUzXjw=s176-c-k-c0x00ffffff-no-rj,0.0
UgwHDQtLh4ygBZ27keZ4AaABAg,Are you still holding/averaging ujjivan?,2 days ago,Juvin Antony,UC_GXMls2ULRW8ulCgrFgceg,1,https://yt3.ggpht.com/ytc/AKedOLSeShh5O5zlXolfPWKN1WtE7k5PZ7wakl2XLlbR_Q=s176-c-k-c0x00ffffff-no-rj,0.0
UgzwgVWNAmlcdQXGO_l4AaABAg,profit booking is what the majority are looking forward to... yes including myself,2 days ago,raghul B,UC22e6ID4DW26qBYWv3C_9cQ,1,https://yt3.ggpht.com/ytc/AKedOLRxkg44YtXrAL75ng5ErcO_ekR0hcSJF2uXzeC4VQ=s176-c-k-c0x00ffffff-no-rj,0.0
UgxFObmjLj3ksPFmhEF4AaABAg,"Just because a stock is going up doesn‚Äôt mean it‚Äôs a good investment. just because a stock is going down doesn‚Äôt mean it‚Äôs a bad investment. there's more to a stock than just it's stock price. An entire company more. focus on the company, not just the stock price....",3 days ago,Rita Vincent,UC0Gxfl9r84csYolkvNIUbvg,1,https://yt3.ggpht.com/ytc/AKedOLRPIGJ5qB4fqwusmd3v-brJZ5FsHaZyKe2jvPHF=s176-c-k-c0x00ffffff-no-rj,0.0
UgwlkIoRTNhp1ezd9M94AaABAg,"What‚Äôsapp‚úô19206816960

More updates on XRP,NFT‚Äôs,BTC.üìä
What‚Äôsapp‚úô19206816960 

More updates on 
XRP,NFT‚Äôs,BTC,üìä.üìä",3 days ago,J. Bravo,UC9tDNKrSn7zGVtUTHrqZMVg,0,https://yt3.ggpht.com/RWoczeAoSlVq2Y7Vsnp-fK8svLJNVfaxttO9_QBBtPUYSgAzLO5D9VO2jxZ2Twy9Z-QGitPc=s176-c-k-c0x00ffffff-no-rj,0.0
UgyMKxQCSlF9QH1FWv54AaABAg,6.95% is inflation in March highest in 17 months,3 days ago,Zeeshan Saiyed COO NRSSA,UCK5jAtDlw73JB0CX_JQalpw,1,https://yt3.ggpht.com/ytc/AKedOLQiNxgJRMGQl8WtBMrYdKIw0mNr6AbZl6HIpQ=s176-c-k-c0x00ffffff-no-rj,0.0
Ugzyfb5JJ4paECr5Gmx4AaABAg,thanks,3 days ago,Dhruwan gupta,UCnDGAwphZf25flxUDMBQlxA,1,https://yt3.ggpht.com/ytc/AKedOLSGloMDSebBbkDLCc6rjCYWYjhFf3Ka2sI-jKfwoQ=s176-c-k-c0x00ffffff-no-rj,0.0
Ugw925ZO-deVFwQseHF4AaABAg.9_Ewrz77Rak9_EzqIbein0,"hi Akshat, the wisdom hatch enrollment is not working",2 weeks ago,Yash Jivrajani,UCC8lVBdVcU9X1te84jvvU0w,0,https://yt3.ggpht.com/ytc/AKedOLTRm9SfLHAAKdbztLJ_ZBDd6P1Arx5NBEf_0C05=s176-c-k-c0x00ffffff-no-rj,0.0
Ugw925ZO-deVFwQseHF4AaABAg.9_Ewrz77Rak9_F9Tqme5lr,Ex child.. What  subtle reference,2 weeks ago,Dragons Unleashed,UCfKO9PGEPOqVkcq9l4EZB1w,0,https://yt3.ggpht.com/ytc/AKedOLQQF87c2xzT3qDJ7Py-FUt6rgslxYArpSydKg=s176-c-k-c0x00ffffff-no-rj,0.0
Ugw925ZO-deVFwQseHF4AaABAg.9_Ewrz77Rak9_FRzlMDIgb,Happy new FISACL year. Thanks for all the teaching. Kindly accept my gratitude. Could you please make a video on ARK Next Generation Internet ETF & ARK Innovation ETF? We have none except you to cover such topics.,2 weeks ago,Formulator,UC8kgpA8HKamP61TAphbYL3w,0,https://yt3.ggpht.com/ytc/AKedOLQp_GQKRQY63aMmgKrQ8MPLWT0kMZ5_aWS55HooI7IhV2RSVHVt2Zxhf1IjwSKk=s176-c-k-c0x00ffffff-no-rj,0.0
Ugw925ZO-deVFwQseHF4AaABAg.9_Ewrz77Rak9_FT7lcZlii,"Hi Akshat,, as u have multiple times spoken about expense ratio on MFs , aren't the rate of returns shown on MF is exclusive of expense ratio. So, in that case if we are happy with the history of  the rate of returns that is mentioned on MFs, shudnt we be just buying it irrespective of expense ratio... Please clarify this, it would be really helpful",2 weeks ago (edited),Eiram Shaikh,UCrb9m_VJQLBoNM2zyAUfKoQ,0,https://yt3.ggpht.com/ytc/AKedOLTk2nab8NMu6BOES7uOqgWW9EHuWth7bGmUwYwr=s176-c-k-c0x00ffffff-no-rj,0.0
Ugw925ZO-deVFwQseHF4AaABAg.9_Ewrz77Rak9_H2xazFa1M,Make a video on polygon matic on the concrrns,2 weeks ago,G Vishwas,UCDovU6kEESIIyK63jggYItA,0,https://yt3.ggpht.com/ytc/AKedOLTh4DkZQkcSwFX9B6g1s8bfo82qDj-T8Cgy0oTCVzL2fzlwqmAHfCAcpI1TaG45=s176-c-k-c0x00ffffff-no-rj,0.0
Ugw925ZO-deVFwQseHF4AaABAg.9_Ewrz77Rak9_HB9DuNCmH,"¬†@Yash Jivrajani¬† What'sapp‚úôùüè4348796583

More updates about ADA, CARDANO, SHIB, ETH, NFTs üìàüì©

What'sapp‚úôùüè4348796583

More updates about ADA, CARDANO, SHIB, ETH, NFTs üìàüì©
.",2 weeks ago,Helpline,UCpoN1Fr351oTo_p45EOnhIQ,0,https://yt3.ggpht.com/GmQbJlsOdxYWKOFMfJVxCEZSAFrpH_DSzjIK9s8ch8V58zs4k1TxcFImFWck-LL-QUrIYrQc=s176-c-k-c0x00ffffff-no-rj,0.0
Ugw925ZO-deVFwQseHF4AaABAg.9_Ewrz77Rak9_LlTo_ZwS_,‚Å∞,13 days ago,Charu Malhotra,UCKqBNp0sts-eQgeWJ-tT4tQ,0,https://yt3.ggpht.com/ytc/AKedOLRXwGSaBwd59fuwil4vhFr6HpaDtZ-YZR6IVIU5jw=s176-c-k-c0x00ffffff-no-rj,0.0
Ugw925ZO-deVFwQseHF4AaABAg.9_Ewrz77Rak9_LsyGJEGYK,"yes please make a video on profit booking. whether investing in equities directly, or through MFs, this is a fundamental question to which there seem to no clear answers..",13 days ago,Abhinav Gupta,UC5edZPVfHZjfiaFJ0d95WEQ,0,https://yt3.ggpht.com/ytc/AKedOLTPIi5oj2xG8YSHnlBNEIf8t--OnZdMgixs5bWXXg=s176-c-k-c0x00ffffff-no-rj,0.0
Ugw925ZO-deVFwQseHF4AaABAg.9_Ewrz77Rak9_M2qkDs5bS,"¬†@Abhinav Gupta¬† What'sapp‚úôùüè4348796583

More updates about AAPL, GME, AMC, TSLA, BMC, BBBQüìàüì©

What'sapp‚úôùüè4348796583

More updates about AAPL, GME, AMC, TSLA, BMC, BBBQüìàüì©
.",13 days ago,Helpline,UCpoN1Fr351oTo_p45EOnhIQ,0,https://yt3.ggpht.com/GmQbJlsOdxYWKOFMfJVxCEZSAFrpH_DSzjIK9s8ch8V58zs4k1TxcFImFWck-LL-QUrIYrQc=s176-c-k-c0x00ffffff-no-rj,0.0
UgyrSGThxOluORTfxo14AaABAg.9_thsH3vuFV9_u7YVsgl6Y,‚¨ÜÔ∏è‚¨ÜÔ∏èContact the Wat'sap line above for more information and advice on investmentüì©üì©.... Thanks for your comment‚òëÔ∏è‚òëÔ∏è,6 hours ago,Akshat S+‚ë†‚ëß‚ë•‚ë¶‚ë°‚ë®‚ë°‚ëß‚ë¢‚ë¢‚ë•,UCsVHoiyzoGLEViFjLhd4sUg,0,https://yt3.ggpht.com/Omd4Itz_GZB9LbEQJFxzjwrXRpApbH0MdMxH4INYhHG_pIOdBQaHBZOGjCQIZQ8ZP4pNnhzW=s176-c-k-c0x00ffffff-no-rj,0.0
UgzbaqSBpxFTShktarB4AaABAg.9_tgj0K4mrg9_tkZh3PtVM,‚¨ÜÔ∏è‚¨ÜÔ∏èContact the Wat'sap line above for more information and advice on investment.... Thanks for your commentüëçüèª‚òëÔ∏è,9 hours ago,Akshat S+‚ë†‚ëß‚ë•‚ë¶‚ë°‚ë®‚ë°‚ëß‚ë¢‚ë¢‚ë•,UCsVHoiyzoGLEViFjLhd4sUg,0,https://yt3.ggpht.com/Omd4Itz_GZB9LbEQJFxzjwrXRpApbH0MdMxH4INYhHG_pIOdBQaHBZOGjCQIZQ8ZP4pNnhzW=s176-c-k-c0x00ffffff-no-rj,0.0
UgxI-JQYhaXvNtJrTXV4AaABAg.9_skJXISbZP9_sxLz_1f8b,"‚¨ÜÔ∏è Ensure to contact the What'sap line above for more information and consultation on investment. I have a new investment I am sure you will like to be  part of...
Thanks for your comment üôÇ",16 hours ago,WhatsApp +‚ìΩ‚ìµ‚ìΩ‚ìº‚ì∂‚ìΩ‚ìΩ‚ì∂‚ìΩ‚ì∑‚ì∂‚ì∏,UCRBGuqujQeCG1gxpvoLEvpQ,0,https://yt3.ggpht.com/ITI6H_xhgtHsuLbHq4DPCjbIEY2Z8HB8Hqv70FGMlrytL9iy-qwejrZIWAFVuseFuVLX8XhjyD4=s176-c-k-c0x00ffffff-no-rj,0.0
UgzvotQpR4SuN4j1iz14AaABAg.9_sCIh7Ie4t9_sF2MV8Zpl,"‚¨ÜÔ∏è Ensure to contact the What'sap line above for more information and consultation on investment. I have a new investment I am sure you will like to be  part of...
Thanks for your comment üôÇ",23 hours ago,WhatsApp +‚ìΩ‚ìµ‚ìΩ‚ìº‚ì∂‚ìΩ‚ìΩ‚ì∂‚ìΩ‚ì∑‚ì∂‚ì∏,UCRBGuqujQeCG1gxpvoLEvpQ,0,https://yt3.ggpht.com/ITI6H_xhgtHsuLbHq4DPCjbIEY2Z8HB8Hqv70FGMlrytL9iy-qwejrZIWAFVuseFuVLX8XhjyD4=s176-c-k-c0x00ffffff-no-rj,0.0
Ugzkg-m_u5S9CFCLHi54AaABAg.9_rj5MJQ5ty9_rjCR4imnY,‚¨ÜÔ∏è‚¨ÜÔ∏èContact the Wat'sap line above for more information and advice on investmentüì©.... Thanks for your comment.‚òëÔ∏è,1 day ago,Akshat S‚Ä¢‚ë†‚ëß‚ë•‚ë¶‚ë°‚ë®‚ë°‚ëß‚ë¢‚ë¢‚ë•‚Ä¢,UCH1zy8_pn0zYabrD0HoEztw,0,https://yt3.ggpht.com/Nt_mWdAWOTC13sx_YGRk76jhKtnKupn_Yan9OeSuGNVIENQQlkQgxTbzvSbPchkqDqfwTbAJrw=s176-c-k-c0x00ffffff-no-rj,0.0
UgwDJh_fRRUvsnp8WSd4AaABAg.9_qedyn35ec9_qrSysWBTg,"What'sapp‚úô919781763752

       More profitable updates on trading and Investingüìä
  What'sapp‚úô919781763752

More updates on crypto, XRP,.. NFT's,BTCüìäüöÄ üáÆüá≥üáßüá©üáµüá∞üåé",1 day ago,üíªPinnedby Akshat Shrivastava,UCpYev7S8BAk0uygmXvb9chQ,0,https://yt3.ggpht.com/MUtvzOmH_KsF6FCSvcBjLVyXEJ_aHJhWt5avSmv2ikbsD_H8_XsGQAo5InVT3HCT964wFQU_wQ=s176-c-k-c0x00ffffff-no-rj,0.0
UgwDJh_fRRUvsnp8WSd4AaABAg.9_qedyn35ec9_rwm06FzI2,‚¨ÜÔ∏è‚¨ÜÔ∏è Contact the What'sap line above for more information and advice on investmentüì©.... Thanks for your comment.‚úîÔ∏è,1 day ago,WhatsApp +‚ë®‚ë†‚ë®‚ë®‚ë†‚ë£‚ë•‚ë°‚ë†‚ë§‚ë£‚ë¢,UCYOaw0CMzE3sfDKeMQI2imw,0,https://yt3.ggpht.com/D1puhnqkxVh3Q3Cs7i5GZj3ttX6qfy-_hvYgTJbJIr3wF8CijgcM0dYf1t9SU1baR-JymGK5aA=s176-c-k-c0x00ffffff-no-rj,0.0
UgwRDKkFYIzn2Aq0IOl4AaABAg.9_qS6Z2s-5r9_qpuB4ZuH-,"‚¨ÜÔ∏è Ensure to contact the What'sap line above for more information and consultation on investment. I have a new investment I am sure you will like to be  part of...
Thanks for your comment üôÇ",1 day ago,WhatsApp +‚ìΩ‚ìµ‚ìΩ‚ìº‚ì∂‚ìΩ‚ìΩ‚ì∂‚ìΩ‚ì∑‚ì∂‚ì∏,UCRBGuqujQeCG1gxpvoLEvpQ,0,https://yt3.ggpht.com/ITI6H_xhgtHsuLbHq4DPCjbIEY2Z8HB8Hqv70FGMlrytL9iy-qwejrZIWAFVuseFuVLX8XhjyD4=s176-c-k-c0x00ffffff-no-rj,0.0
UgyPQW6X4I0Hd40pE4J4AaABAg.9_q5TRaFszR9_q87OuKEWI,‚¨ÜÔ∏è‚¨ÜÔ∏èContact the Wat'sap line above for more information and advice on investment.... Thanks for your comment.,1 day ago,Akshat S‚Ä¢‚ë†‚ëß‚ë•‚ë¶‚ë°‚ë®‚ë°‚ëß‚ë¢‚ë¢‚ë•‚Ä¢,UCH1zy8_pn0zYabrD0HoEztw,0,https://yt3.ggpht.com/Nt_mWdAWOTC13sx_YGRk76jhKtnKupn_Yan9OeSuGNVIENQQlkQgxTbzvSbPchkqDqfwTbAJrw=s176-c-k-c0x00ffffff-no-rj,0.0
UgyPQW6X4I0Hd40pE4J4AaABAg.9_q5TRaFszR9_qrV225WC6,"What'sapp‚úô919781763752

       More profitable updates on trading and Investingüìä
  What'sapp‚úô919781763752

More updates on crypto, XRP,.. NFT's,BTCüìäüöÄ üáÆüá≥üáßüá©üáµüá∞üåé",1 day ago,üíªPinnedby Akshat Shrivastava,UCpYev7S8BAk0uygmXvb9chQ,0,https://yt3.ggpht.com/MUtvzOmH_KsF6FCSvcBjLVyXEJ_aHJhWt5avSmv2ikbsD_H8_XsGQAo5InVT3HCT964wFQU_wQ=s176-c-k-c0x00ffffff-no-rj,0.0
UgyBG_d2BgJxfZx7Rql4AaABAg.9_pvHwhpiyC9_qLP9l5rJI,"Thanks for your comment.
For more information, advice and consultation on investments, reach out to the What'sap line above.",1 day ago,WhatsApp +‚ë®‚ë†‚ë®‚ë®‚ë†‚ë£‚ë•‚ë°‚ë†‚ë§‚ë£‚ë¢,UCYOaw0CMzE3sfDKeMQI2imw,0,https://yt3.ggpht.com/D1puhnqkxVh3Q3Cs7i5GZj3ttX6qfy-_hvYgTJbJIr3wF8CijgcM0dYf1t9SU1baR-JymGK5aA=s176-c-k-c0x00ffffff-no-rj,0.0
UgySVgpGyKMCNZjSoC54AaABAg.9_pmTuebgiL9_q82rWMiXm,‚¨ÜÔ∏è‚¨ÜÔ∏èContact the Wat'sap line above for more information and advice on investment.... Thanks for your comment.,1 day ago,Akshat S‚Ä¢‚ë†‚ëß‚ë•‚ë¶‚ë°‚ë®‚ë°‚ëß‚ë¢‚ë¢‚ë•‚Ä¢,UCH1zy8_pn0zYabrD0HoEztw,1,https://yt3.ggpht.com/Nt_mWdAWOTC13sx_YGRk76jhKtnKupn_Yan9OeSuGNVIENQQlkQgxTbzvSbPchkqDqfwTbAJrw=s176-c-k-c0x00ffffff-no-rj,0.0
UgySVgpGyKMCNZjSoC54AaABAg.9_pmTuebgiL9_qrWcr1sRb,"What'sapp‚úô919781763752

       More profitable updates on trading and Investingüìä
  What'sapp‚úô919781763752

More updates on crypto, XRP,.. NFT's,BTCüìäüöÄ üáÆüá≥üáßüá©üáµüá∞üåé",1 day ago,üíªPinnedby Akshat Shrivastava,UCpYev7S8BAk0uygmXvb9chQ,0,https://yt3.ggpht.com/MUtvzOmH_KsF6FCSvcBjLVyXEJ_aHJhWt5avSmv2ikbsD_H8_XsGQAo5InVT3HCT964wFQU_wQ=s176-c-k-c0x00ffffff-no-rj,0.0
UgydvG3LM9omQVvIg8Z4AaABAg.9_pTCNU8BnX9_qLR3VR3nl,"‚¨ÜÔ∏èThanks for your comment.
For more information, advice and consultation on investments, reach out to the What'sap line above.",1 day ago,WhatsApp +‚ë®‚ë†‚ë®‚ë®‚ë†‚ë£‚ë•‚ë°‚ë†‚ë§‚ë£‚ë¢,UCYOaw0CMzE3sfDKeMQI2imw,0,https://yt3.ggpht.com/D1puhnqkxVh3Q3Cs7i5GZj3ttX6qfy-_hvYgTJbJIr3wF8CijgcM0dYf1t9SU1baR-JymGK5aA=s176-c-k-c0x00ffffff-no-rj,0.0
UgydvG3LM9omQVvIg8Z4AaABAg.9_pTCNU8BnX9_qrY53jT33,"What'sapp‚úô919781763752

       More profitable updates on trading and Investingüìä
  What'sapp‚úô919781763752

More updates on crypto, XRP, NFT's,BTCüìäüöÄ üáÆüá≥üáßüá©üáµüá∞üåé..",1 day ago,üíªPinnedby Akshat Shrivastava,UCpYev7S8BAk0uygmXvb9chQ,0,https://yt3.ggpht.com/MUtvzOmH_KsF6FCSvcBjLVyXEJ_aHJhWt5avSmv2ikbsD_H8_XsGQAo5InVT3HCT964wFQU_wQ=s176-c-k-c0x00ffffff-no-rj,0.0
Ugw8jJeNmlUbkU4eNJZ4AaABAg.9_oRCAN5qVl9_okq9d9JwQ,‚¨ÜÔ∏è‚¨ÜÔ∏èContact the Wat'sap line above for more information and advice on investment.... Thanks for your comment,2 days ago,Akshat S+‚ë†‚ëß‚ë•‚ë¶‚ë°‚ë®‚ë°‚ëß‚ë¢‚ë¢‚ë•,UCyU4YyOtBhgMT-sFoxOYQCA,0,https://yt3.ggpht.com/igMavDt9s4qxlRrd6LFohxgt2thZbrn1FjBUQ4TbbhluwyRxQMo96_xhvU4qY_BTVn81Y3dweA=s176-c-k-c0x00ffffff-no-rj,0.0
UgwHDQtLh4ygBZ27keZ4AaABAg.9_oDybZjuou9_qLTOyhMCY,"‚¨ÜÔ∏èThanks for your comment.
For more information, advice and consultation on investments, reach out to the What'sap line above.",1 day ago,WhatsApp +‚ë®‚ë†‚ë®‚ë®‚ë†‚ë£‚ë•‚ë°‚ë†‚ë§‚ë£‚ë¢,UCYOaw0CMzE3sfDKeMQI2imw,0,https://yt3.ggpht.com/D1puhnqkxVh3Q3Cs7i5GZj3ttX6qfy-_hvYgTJbJIr3wF8CijgcM0dYf1t9SU1baR-JymGK5aA=s176-c-k-c0x00ffffff-no-rj,0.0
UgzwgVWNAmlcdQXGO_l4AaABAg.9_o1yVgc4BM9_qrZteZam0,"What'sapp‚úô919781763752

       More profitable updates on trading and Investingüìä
  What'sapp‚úô919781763752

More updates on crypto, XRP,.. NFT's,BTCüìäüöÄ üáÆüá≥üáßüá©üáµüá∞üåé",1 day ago,üíªPinnedby Akshat Shrivastava,UCpYev7S8BAk0uygmXvb9chQ,0,https://yt3.ggpht.com/MUtvzOmH_KsF6FCSvcBjLVyXEJ_aHJhWt5avSmv2ikbsD_H8_XsGQAo5InVT3HCT964wFQU_wQ=s176-c-k-c0x00ffffff-no-rj,0.0
UgxFObmjLj3ksPFmhEF4AaABAg.9_mOVot3E0r9_mvNPji_rI,"What'sapp‚úô919781763752

       More profitable updates on trading and Investingüìä
  What'sapp‚úô919781763752

More updates on crypto, XRP, NFT's,BTCüìäüöÄ üáÆüá≥üáßüá©üáµüá∞üåé.",3 days ago,üíªPinnedby Akshat Shrivastava,UCGLdUZ6gTOaBxsbjFjo3SEQ,0,https://yt3.ggpht.com/2lJrAJ1coLfj8teXUMFSRhMcBu38rjZmhkwun5PDOPM8lcZPFfQ0-n6zO8ctvvSZlReKVTJ-LQ=s176-c-k-c0x00ffffff-no-rj,0.0
UgxFObmjLj3ksPFmhEF4AaABAg.9_mOVot3E0r9_rwrYGcWfK,‚¨ÜÔ∏è‚¨ÜÔ∏è Contact the What'sap line above for more information and advice on investmentüì©.... Thanks for your comment.‚úîÔ∏è,1 day ago,WhatsApp +‚ë®‚ë†‚ë®‚ë®‚ë†‚ë£‚ë•‚ë°‚ë†‚ë§‚ë£‚ë¢,UCYOaw0CMzE3sfDKeMQI2imw,0,https://yt3.ggpht.com/D1puhnqkxVh3Q3Cs7i5GZj3ttX6qfy-_hvYgTJbJIr3wF8CijgcM0dYf1t9SU1baR-JymGK5aA=s176-c-k-c0x00ffffff-no-rj,0.0
UgyMKxQCSlF9QH1FWv54AaABAg.9_lNeIzh1PH9_laLis76Ln,"‚¨ÜÔ∏è Ensure to contact the What'sap line above for more information and consultation on investment. I have a new investment I am sure you will like to be  part of...
Thanks for your comment üôÇ",3 days ago,WhatsApp +‚ìΩ‚ìµ‚ìΩ‚ìº‚ì∂‚ìΩ‚ìΩ‚ì∂‚ìΩ‚ì∑‚ì∂‚ì∏,UCRBGuqujQeCG1gxpvoLEvpQ,0,https://yt3.ggpht.com/ITI6H_xhgtHsuLbHq4DPCjbIEY2Z8HB8Hqv70FGMlrytL9iy-qwejrZIWAFVuseFuVLX8XhjyD4=s176-c-k-c0x00ffffff-no-rj,0.0
Ugzyfb5JJ4paECr5Gmx4AaABAg.9_ky5TRLSlo9_lFXIBCqW7,üëÜüëÜüì©‚úçÔ∏è,3 days ago,Admin...,UCYQR1QqBLC9OfrXPi3YL0Rg,0,https://yt3.ggpht.com/TkRIsCeyYLC4SLILfEZrflC9tzdrMwRzi6TIyUb29ZvpOehcoBUY82fVNnJtQYx70ZGo4WPMGg=s176-c-k-c0x00ffffff-no-rj,0.0
UgyxuPolvEHBJDFEljl4AaABAg,"I need an investor...

Minimum capital 5 to 10 lakh rupees

Profits will be shareable everymonth üí∞",4 days ago,SHAIK SAMEER,UCcHWDWUALXQUyRfY2EeA1bQ,1,https://yt3.ggpht.com/ytc/AKedOLSV33kgbaz4Gdw_KAfFk3dZ5WpT0UHcE-NyD8ugCQ=s176-c-k-c0x00ffffff-no-rj,0.0
UgzctEyUI7Q4FeL6qwJ4AaABAg,Profit booking video with use-case and examples please :),4 days ago,Achintya Agarwal,UCPqm8PVMoNI6jl4nK-xNXFQ,0,https://yt3.ggpht.com/ytc/AKedOLT4coGux656Q6ICkEEiv7vFr_HJrWSRnYjVyiypIQ=s176-c-k-c0x00ffffff-no-rj,0.0
UgyRWeAbp6uj_wsF-3B4AaABAg,Sir please make vedio in Hindi,4 days ago,swapnil kadukar,UCXczivYB042NeLuoECL7e4A,1,https://yt3.ggpht.com/ytc/AKedOLRWS32HvcaPrIUbXGF266Y_qZCovhq840tU2HrS-Q=s176-c-k-c0x00ffffff-no-rj,0.0
UgyidAUWwkf6CRtS1G14AaABAg,"Thank you üòÉ, Waiting for the video on Profit booking",4 days ago,Netha ji,UCoyAI--NE53A0Y9W3v3ucBA,1,https://yt3.ggpht.com/ytc/AKedOLQTLtlbW-J2DCvlWCdEO3LQqVMWYbed7VTx=s176-c-k-c0x00ffffff-no-rj,0.0
UgxalAgGaV39OqthUpJ4AaABAg,This guy deserves millions of audience,5 days ago,Niteesh Pandey,UC3fY8j8xdNFV9ZaKGFfnKug,1,https://yt3.ggpht.com/ytc/AKedOLQKK4NToMQCQoJUWOa5tS9mdcXv2YwkhzGOwUPkKRU=s176-c-k-c0x00ffffff-no-rj,0.0
UgyHwpWeVwpru078pnF4AaABAg,Ek number ka gadha nikla tu to...20 minutes kharab kar diye tune.. kuch bhi to naya na bataya tune...bhag sala..,5 days ago,Okay,UCBdEWmX8CTPgNeKibfWVg9A,0,https://yt3.ggpht.com/ytc/AKedOLT8pgp3vxWB0YXnQysXXNwoSMFettKIbm4hnIZOSEpDQYtED3SXMebWauL89vpz=s176-c-k-c0x00ffffff-no-rj,0.0
UgxLI1fuUyTwoA9F9C94AaABAg,"Faltu video, he will not speak anything regarding the title of the video",5 days ago,sharad upadhayaya,UCijprfNkjiIRvHKq8CWt33w,1,https://yt3.ggpht.com/fjjO_q8Ps-K29hnm23AhIFCngN9lQzj15BfabsD4K8ZS1h-xBwfgxWQp6JoIDPMG96E4q0HydGI=s176-c-k-c0x00ffffff-no-rj,0.0
UgxBqhoGsEhHsGJd7yd4AaABAg,"Yaar karre to kya karre for 15 % you didn,t tell",5 days ago,Gurshaan Singh,UC5yCPCtK1mISlftZ4OeAMSA,0,https://yt3.ggpht.com/ytc/AKedOLS_n2ckA3HTQUNbdQOdxLJoeSghaxrDlKzOfzwT=s176-c-k-c0x00ffffff-no-rj,0.0
UgylT7GkMluNbYlepO14AaABAg,"Your videos r very informative akshat , i have learned a lot by watching your videos. Thanks a lot for actively bringing new topics for us.",6 days ago,ADITYA TEWARI,UCODz_25pNJqZuf0ZubxVZWQ,1,https://yt3.ggpht.com/ytc/AKedOLRmVj4NgbuCB7MHGbAWGmFwyitd-qbAlta2VpXZEA=s176-c-k-c0x00ffffff-no-rj,0.0
UgxDg2mhNbudu2YCY-d4AaABAg,Make the vedio on that profit booking topic .,6 days ago,Rishi Sachdev,UCaj0reP29pz1ySZlg8VDX8g,1,https://yt3.ggpht.com/ytc/AKedOLRKAnlO_ymziI0SSZrfOP4XCvWayza2A7uduA=s176-c-k-c0x00ffffff-no-rj,0.0
UgyGosg9TgB_vMwecZp4AaABAg,Plese make a video on profit booking,6 days ago,Prafulla Kumar Mocherla,UCpz-8wUSm6OMNknMdTTAaEQ,1,https://yt3.ggpht.com/ytc/AKedOLSGFoez05jeNoYvFHYp0z_q4442ou8ujujHTimZKw=s176-c-k-c0x00ffffff-no-rj,0.0
UgziTxRWohWYjCu-ovJ4AaABAg,Hey chuthiya 10 Lakhs 15% means 1.5 Lakh pehle percentage sekhlo,6 days ago,yeshwanth kumar,UCiE-f6IKl-vVOdaY0-n_qGg,1,https://yt3.ggpht.com/ytc/AKedOLS7XLf8X3rXNo-BJwV07JbSY_nt6oLdryxZPMeC=s176-c-k-c0x00ffffff-no-rj,0.0
UgxYESrqNeHLQb4Va8h4AaABAg,Pl.let me know in detail about profit booking,6 days ago,Sanjay Rikhy,UCnfP9ROhnDBTjkiGVi0LiHA,0,https://yt3.ggpht.com/ytc/AKedOLS9vzZsqJIQcVz3DpYWEE_pBR_8Lkbw2oxSLryAGw=s176-c-k-c0x00ffffff-no-rj,0.0
UgzYAZ1I87kNTHbzxON4AaABAg,Im not faking ..believe me in Crypto if u hv experience in chart reading price action You can make 50k-60k per month with only 50k rupees capital ..bt.not in investment in future trading,6 days ago (edited),GoldenEye surya,UC_JQsfv9zsfmfyht3UMFzvw,1,https://yt3.ggpht.com/ytc/AKedOLQwjNTGKBRwDWwLKhZfixJJf3l8tbMrC7w1r1qo=s176-c-k-c0x00ffffff-no-rj,0.0
Ugy87IOXNU0II-Z73pV4AaABAg,"Outstanding, easily the most educational and insightful channel related to equity market available in youtube‚Ä¶great job. Regards",7 days ago,Sayak Majumder,UC-IMB7AxuD-T7EN8BMR0AkQ,1,https://yt3.ggpht.com/ytc/AKedOLR9lANVLZvAQx8mdacJMvvnd3iq8kLI3kXdWw=s176-c-k-c0x00ffffff-no-rj,0.0
UgxlKc-kIgHWzcnoyH54AaABAg,"One of quick, genuine and excellent guide.",7 days ago,Bugde Ganesh,UCPgDacXyvxkv3bS3p4LqOUw,1,https://yt3.ggpht.com/ytc/AKedOLQUTzNRDn3Q_t6R29qlMD_z2j-P3vAlt0NzaQ=s176-c-k-c0x00ffffff-no-rj,0.0
UgxLg152J_6lcUIofz54AaABAg,Profit booking video please,7 days ago,Narimatla Prasad,UC-lK5GDPHZDzQrkECTFzCcw,0,https://yt3.ggpht.com/ytc/AKedOLTcI8CAE1wBIzV2LwWgUiik56G0V5fo9gzjrcoklw=s176-c-k-c0x00ffffff-no-rj,0.0
UgyD4r4GGu19zNcnY5F4AaABAg,"definately, we need to know when to book profit. do make a video",7 days ago,Dharam Singh,UCSv9M-zy76Zau-4gdg6Qz6A,0,https://yt3.ggpht.com/ytc/AKedOLTHq6Yyn4bDDXh1tQR4LpBjW2BwRyckIABJusGcz24=s176-c-k-c0x00ffffff-no-rj,0.0
UgwYFfdHpxSlV8RG6tR4AaABAg,Please curate a video on profit booking and averaging of stocks,7 days ago,Mayuri Thanki,UCWpfYe2sgfY0qAJXZJoqeEA,0,https://yt3.ggpht.com/ytc/AKedOLTDUA7_HrGeY6X0hJJnq5EnBwmQ7bSm7o0Ey6GDFA=s176-c-k-c0x00ffffff-no-rj,0.0
UgyBZNvXmS003XC52mV4AaABAg,Waiting for your next video on booking of profit,7 days ago,upkar tiwari,UC9yv7kY6WHSXHWBj4AZ6yfg,0,https://yt3.ggpht.com/ytc/AKedOLRF0CaqXLOnq6GK-DIA10qlzX0E6QZIdc43FQ=s176-c-k-c0x00ffffff-no-rj,0.0
UgyxuPolvEHBJDFEljl4AaABAg.9_kTIrUyrPY9_mvPAuPEar,"What'sapp‚úô919781763752

       More profitable updates on trading and Investingüìä
  What'sapp‚úô919781763752

More updates on crypto, XRP, NFT's,BTCüìäüöÄ üáÆüá≥üáßüá©üáµüá∞üåé..",3 days ago,üíªPinnedby Akshat Shrivastava,UCGLdUZ6gTOaBxsbjFjo3SEQ,0,https://yt3.ggpht.com/2lJrAJ1coLfj8teXUMFSRhMcBu38rjZmhkwun5PDOPM8lcZPFfQ0-n6zO8ctvvSZlReKVTJ-LQ=s176-c-k-c0x00ffffff-no-rj,0.0
UgyxuPolvEHBJDFEljl4AaABAg.9_kTIrUyrPY9_rwszef1sK,‚¨ÜÔ∏è‚¨ÜÔ∏è Contact the What'sap line above for more information and advice on investmentüì©.... Thanks for your comment.‚úîÔ∏è,1 day ago,WhatsApp +‚ë®‚ë†‚ë®‚ë®‚ë†‚ë£‚ë•‚ë°‚ë†‚ë§‚ë£‚ë¢,UCYOaw0CMzE3sfDKeMQI2imw,0,https://yt3.ggpht.com/D1puhnqkxVh3Q3Cs7i5GZj3ttX6qfy-_hvYgTJbJIr3wF8CijgcM0dYf1t9SU1baR-JymGK5aA=s176-c-k-c0x00ffffff-no-rj,0.0
UgzctEyUI7Q4FeL6qwJ4AaABAg.9_iF9HBni849_iNBu-zwDh,"Thank you for your comment‚Ä¢
Be sure to contact the What'sap line above for more
information and consultation on investment. I have a
new investment I am sure you will like to be part of..",4 days ago,Akshat.S ¬± ‚ë†‚ë•‚ë†‚ë•‚ë°‚ëß‚ë¶‚ë§‚ë°‚ë§‚ë†,UCfS3csVMpTGYHTPnyFXuPcA,0,https://yt3.ggpht.com/zN3ZASIhLNBZRowUI_JobGS-8VMz7lP8_eFSXPqN_mogCa1C0sXEjngau-UwXLYLMNqPd9i2=s176-c-k-c0x00ffffff-no-rj,0.0
UgyRWeAbp6uj_wsF-3B4AaABAg.9_iEw2lGJVR9_iNCrXxfEI,"Thank you for your comment‚Ä¢
Be sure to contact the What'sap line above for more
information and consultation on investment. I have a
new investment I am sure you will like to be part of..",4 days ago,Akshat.S ¬± ‚ë†‚ë•‚ë†‚ë•‚ë°‚ëß‚ë¶‚ë§‚ë°‚ë§‚ë†,UCfS3csVMpTGYHTPnyFXuPcA,0,https://yt3.ggpht.com/zN3ZASIhLNBZRowUI_JobGS-8VMz7lP8_eFSXPqN_mogCa1C0sXEjngau-UwXLYLMNqPd9i2=s176-c-k-c0x00ffffff-no-rj,0.0
UgyidAUWwkf6CRtS1G14AaABAg.9_i-tXG0mbE9_i3nP4k1Hj,"Thank you for your comment‚Ä¢‚Ä¢
Be sure to contact the What‚Äôsap line above for more information and consultation on investment. I have a new investment I am sure you will like to be part of‚Ä¢‚Ä¢",4 days ago,Akshat.S„äâ‚ë†‚ë°‚ì™‚ë°‚ë¢‚ë§‚ë°‚ë°‚ë¢‚ëß‚ë¶,UCBMuZIlQcD-aoKz8HOO52AQ,0,https://yt3.ggpht.com/8L5DIeDP64lpaPwFiHnLds0lq_Z1tvJXATCxw2kRqKH4HsoY6V1DNZcKNHEwYCagS26BRJNO=s176-c-k-c0x00ffffff-no-rj,0.0
UgxalAgGaV39OqthUpJ4AaABAg.9_hrEVWnez19_htcSpG2Ih,"‚¨ÜÔ∏èThanks for your comment.
For more information, advice and consultation on investments, reach out to the What'sap line above.",5 days ago,WhatsApp +‚ë®‚ë†‚ë®‚ë®‚ë†‚ë£‚ë•‚ë°‚ë†‚ë§‚ë£‚ë¢,UCYOaw0CMzE3sfDKeMQI2imw,0,https://yt3.ggpht.com/D1puhnqkxVh3Q3Cs7i5GZj3ttX6qfy-_hvYgTJbJIr3wF8CijgcM0dYf1t9SU1baR-JymGK5aA=s176-c-k-c0x00ffffff-no-rj,0.0
UgyHwpWeVwpru078pnF4AaABAg.9_gzcut_TZz9_rwvipNLbz,‚¨ÜÔ∏è‚¨ÜÔ∏è Contact the What'sap line above for more information and advice on investmentüì©.... Thanks for your comment.‚úîÔ∏è,1 day ago,WhatsApp +‚ë®‚ë†‚ë®‚ë®‚ë†‚ë£‚ë•‚ë°‚ë†‚ë§‚ë£‚ë¢,UCYOaw0CMzE3sfDKeMQI2imw,0,https://yt3.ggpht.com/D1puhnqkxVh3Q3Cs7i5GZj3ttX6qfy-_hvYgTJbJIr3wF8CijgcM0dYf1t9SU1baR-JymGK5aA=s176-c-k-c0x00ffffff-no-rj,0.0
UgxLI1fuUyTwoA9F9C94AaABAg.9_gIJshTRZ39_gOftf6kYY,"‚¨ÜÔ∏è Ensure to contact the What'sap line above for more information and consultation on investment. I have a new investment I am sure you will like to be  part of...
Thanks for your comment üôÇ",5 days ago,WhatsApp +‚ìΩ‚ìµ‚ìΩ‚ìº‚ì∂‚ìΩ‚ìΩ‚ì∂‚ìΩ‚ì∑‚ì∂‚ì∏,UCRBGuqujQeCG1gxpvoLEvpQ,0,https://yt3.ggpht.com/ITI6H_xhgtHsuLbHq4DPCjbIEY2Z8HB8Hqv70FGMlrytL9iy-qwejrZIWAFVuseFuVLX8XhjyD4=s176-c-k-c0x00ffffff-no-rj,0.0
UgxBqhoGsEhHsGJd7yd4AaABAg.9_fukmi1GVP9_fvjyjvrrW,"Feedback appreciated.
Wanting more info and insight? 
WatsApp the number above, 
Endeavour to reach out!!!",5 days ago,Akshat „äâ‚ë†‚ë£‚ì™‚ë®‚ë°‚ë¢‚ë®‚ë¶‚ë¢‚ë°‚ë¶,UCHQMQ5J_RxYiDciLDsCqQYw,0,https://yt3.ggpht.com/MJadlroHk7KZxXf9C3J9slWZ3NWAATdUbaFN2vZAU56a59tXtiiAtowakvO7QX6qVowJ2ls5=s176-c-k-c0x00ffffff-no-rj,0.0
UgylT7GkMluNbYlepO14AaABAg.9_fBbWIGfVo9_f_hY57kyw,"What'sapp‚úô919781763752

       More profitable updates on trading and Investingüìä
  What'sapp‚úô919781763752

More updates on crypto, XRP, NFT's,BTCüìäüöÄ üáÆüá≥üáßüá©üáµüá∞üåé",5 days ago,üíªPinnedby Akshat Shrivastava,UC4SIPdlPRZtgfs0Ng4RvVpA,0,https://yt3.ggpht.com/tSXYxDDrjVFYmeWVAU_IDNz0V1O8LpP0VGOOKcN55_Hj4_A79i3wgPCvF1HYUvahMhlkII9q=s176-c-k-c0x00ffffff-no-rj,0.0
UgylT7GkMluNbYlepO14AaABAg.9_fBbWIGfVo9_rwx_pFNYm,‚¨ÜÔ∏è‚¨ÜÔ∏è Contact the What'sap line above for more information and advice on investmentüì©.... Thanks for your comment.‚úîÔ∏è,1 day ago,WhatsApp +‚ë®‚ë†‚ë®‚ë®‚ë†‚ë£‚ë•‚ë°‚ë†‚ë§‚ë£‚ë¢,UCYOaw0CMzE3sfDKeMQI2imw,0,https://yt3.ggpht.com/D1puhnqkxVh3Q3Cs7i5GZj3ttX6qfy-_hvYgTJbJIr3wF8CijgcM0dYf1t9SU1baR-JymGK5aA=s176-c-k-c0x00ffffff-no-rj,0.0
UgxDg2mhNbudu2YCY-d4AaABAg.9_e7Li12R-Q9_e81YOGMIN,"Ensure to contact the What'sap line above for more information and consultation on investment. I have a new investment I am sure you will like to be  part of...
Thanks for your comment üôÇ",6 days ago,WhatsApp +‚ìΩ‚ìµ‚ìΩ‚ìº‚ì∂‚ìΩ‚ìΩ‚ì∂‚ìΩ‚ì∑‚ì∂‚ì∏,UCRBGuqujQeCG1gxpvoLEvpQ,0,https://yt3.ggpht.com/ITI6H_xhgtHsuLbHq4DPCjbIEY2Z8HB8Hqv70FGMlrytL9iy-qwejrZIWAFVuseFuVLX8XhjyD4=s176-c-k-c0x00ffffff-no-rj,0.0
UgyGosg9TgB_vMwecZp4AaABAg.9_e4rS4SL0_9_e82Lvg8qi,"Ensure to contact the What'sap line above for more information and consultation on investment. I have a new investment I am sure you will like to be  part of...
Thanks for your comment üôÇ",6 days ago,WhatsApp +‚ìΩ‚ìµ‚ìΩ‚ìº‚ì∂‚ìΩ‚ìΩ‚ì∂‚ìΩ‚ì∑‚ì∂‚ì∏,UCRBGuqujQeCG1gxpvoLEvpQ,0,https://yt3.ggpht.com/ITI6H_xhgtHsuLbHq4DPCjbIEY2Z8HB8Hqv70FGMlrytL9iy-qwejrZIWAFVuseFuVLX8XhjyD4=s176-c-k-c0x00ffffff-no-rj,0.0
UgziTxRWohWYjCu-ovJ4AaABAg.9_dsEdFIqeW9_e83ZJKP6b,"Ensure to contact the What'sap line above for more information and consultation on investment. I have a new investment I am sure you will like to be  part of...
Thanks for your comment üôÇ",6 days ago,WhatsApp +‚ìΩ‚ìµ‚ìΩ‚ìº‚ì∂‚ìΩ‚ìΩ‚ì∂‚ìΩ‚ì∑‚ì∂‚ì∏,UCRBGuqujQeCG1gxpvoLEvpQ,0,https://yt3.ggpht.com/ITI6H_xhgtHsuLbHq4DPCjbIEY2Z8HB8Hqv70FGMlrytL9iy-qwejrZIWAFVuseFuVLX8XhjyD4=s176-c-k-c0x00ffffff-no-rj,0.0
UgxYESrqNeHLQb4Va8h4AaABAg.9_dlXZv1fwb9_e2xcuyZxX,"Feedback appreciated
Wanting more info and insight?
WatsApp the number above,‚¨ÜÔ∏è‚¨ÜÔ∏è
Endeavor to reach out..",6 days ago,Akshat S+‚ë†‚ëß‚ë•‚ë¶‚ë°‚ë®‚ë°‚ëß‚ë¢‚ë¢‚ë•,UCbpuA0l8E8jF-a30x-xD75g,0,https://yt3.ggpht.com/weolUZAy2weZfXTtYWvnY6W6Mi_SFoO1SL2fT309qd0pn4T5TpMbVp-JFGIi_OZ3-VWoYhOjLCQ=s176-c-k-c0x00ffffff-no-rj,0.0
UgzYAZ1I87kNTHbzxON4AaABAg.9_ddoRw9IAM9_djKb_FzBt,"Ensure to contact the What'sap line above for more information and consultation on investment. I have a new investment I am sure you will like to be  part of...
Thanks for your comment üôÇ",6 days ago,WhatsApp +‚ë®‚ë†‚ë®‚ë®‚ë†‚ë£‚ë•‚ë°‚ë†‚ë§‚ë£‚ë¢,UCYOaw0CMzE3sfDKeMQI2imw,0,https://yt3.ggpht.com/D1puhnqkxVh3Q3Cs7i5GZj3ttX6qfy-_hvYgTJbJIr3wF8CijgcM0dYf1t9SU1baR-JymGK5aA=s176-c-k-c0x00ffffff-no-rj,0.0
Ugy87IOXNU0II-Z73pV4AaABAg.9_ccEGX2AwB9_d1FUfGEmx,"‚¨ÜÔ∏è Ensure to contact the What'sap line above for more information and consultation on investment. I have a new investment I am sure you will like to be  part of...
Thanks for your comment üôÇ",6 days ago,WhatsApp +‚ìΩ‚ìµ‚ìΩ‚ìº‚ì∂‚ìΩ‚ìΩ‚ì∂‚ìΩ‚ì∑‚ì∂‚ì∏,UCRBGuqujQeCG1gxpvoLEvpQ,0,https://yt3.ggpht.com/ITI6H_xhgtHsuLbHq4DPCjbIEY2Z8HB8Hqv70FGMlrytL9iy-qwejrZIWAFVuseFuVLX8XhjyD4=s176-c-k-c0x00ffffff-no-rj,0.0
UgxlKc-kIgHWzcnoyH54AaABAg.9_cZXBp5_f69_caC6Xr1bZ,"‚¨ÜÔ∏èThanks for your comment
Endeavour to contact the What'sap line above for more profitable investment plans.‚¨ÜÔ∏è",7 days ago,WhatsApp +‚ë®‚ë†‚ë®‚ë®‚ë†‚ë£‚ë•‚ë°‚ë†‚ë§‚ë£‚ë¢,UCYOaw0CMzE3sfDKeMQI2imw,0,https://yt3.ggpht.com/D1puhnqkxVh3Q3Cs7i5GZj3ttX6qfy-_hvYgTJbJIr3wF8CijgcM0dYf1t9SU1baR-JymGK5aA=s176-c-k-c0x00ffffff-no-rj,0.0
UgxLg152J_6lcUIofz54AaABAg.9_bLaqe_91p9_bNKrdKHHC,"What'sapp‚úô919781763752

       More profitable updates on stocks and tradingüìä
  What'sapp‚úô919781763752

More updates on XRP, NFT's,BTCüìäüöÄ üáÆüá≥üáßüá©üáµüá∞üåé.",7 days ago,üíªPinnedby Akshat Shrivastava,UClNnnPrT53PqDC3rO8whsJw,0,https://yt3.ggpht.com/ghKhT3bRk6_guOYc5ISSPf5pLUHWX0jXPUB94Bt9dhxBOf3mBjmWfAJIP0XvxdcSPzw7if7mnQ=s176-c-k-c0x00ffffff-no-rj,0.0
UgyD4r4GGu19zNcnY5F4AaABAg.9_bGdsj27_q9_bLFWX20r3,Appreciate your comments‚òùüèª whasapp the number above for more tips and guidance on Crypto investment strategies...,7 days ago,Akshat S‚Ä¢‚ë†‚ëß‚ë•‚ë¶‚ë°‚ë®‚ë°‚ëß‚ë¢‚ë¢‚ë•,UC_-PAH_jN147G4WXJeInnQA,0,https://yt3.ggpht.com/Ks7r_nNCEo8GeVDjF8T2E2P7mXvXz0JZeFbcedrvuLzlW8PDw_Mx3zTbSS-fkyabOOJfwLpTpg=s176-c-k-c0x00ffffff-no-rj,0.0
UgwYFfdHpxSlV8RG6tR4AaABAg.9_aIw239BKV9_aP-tYZSTa,Appreciate your comments‚òùüèª whasapp the number above for more tips and guidance on Crypto investment strategies.,7 days ago,Akshat S+‚ë†‚ëß‚ë•‚ë¶‚ë°‚ë®‚ë°‚ëß‚ë¢‚ë¢‚ë•,UC6xJ4JE0tnKZx_qNnql689A,0,https://yt3.ggpht.com/5_PIUeMNbOfPbjZUXGYeqjjBl_WDMZmI52UQLWlIdejpJ64ucCMY6aRkBDKOQkKheslqXo6QPw=s176-c-k-c0x00ffffff-no-rj,0.0
UgyBZNvXmS003XC52mV4AaABAg.9_aDlOqjK1f9_aOzxwm2IS,Appreciate your comments‚òùüèª whasapp the number above for more tips and guidance on Crypto investment strategies.,7 days ago,Akshat S+‚ë†‚ëß‚ë•‚ë¶‚ë°‚ë®‚ë°‚ëß‚ë¢‚ë¢‚ë•,UC6xJ4JE0tnKZx_qNnql689A,0,https://yt3.ggpht.com/5_PIUeMNbOfPbjZUXGYeqjjBl_WDMZmI52UQLWlIdejpJ64ucCMY6aRkBDKOQkKheslqXo6QPw=s176-c-k-c0x00ffffff-no-rj,0.0
UgzkBea7vS_ArTDhNr94AaABAg,what are passive mutual funds?,8 days ago,Vipin Menon,UCkhLUr6ZiaRX_k-fABSW17Q,1,https://yt3.ggpht.com/ytc/AKedOLSRGle-bHw-DFX11pXt9rQeV4xw9vLfqHoEOz-D7A=s176-c-k-c0x00ffffff-no-rj,0.0
UgyDHmnmcecPC6XcBEB4AaABAg,Actual video starts after 4 min.Say thanks,8 days ago,The Big Picture,UCykHZ3pc0ds8dBfZP37e0lA,2,https://yt3.ggpht.com/ytc/AKedOLT0x7WFt7Ow0H-VEMkLnPBN7IoQkeKP123a4A=s176-c-k-c0x00ffffff-no-rj,0.0
Ugxq97pSOCOJUUB6_ut4AaABAg,Great summarization üëèüëèüëè,8 days ago,Aman Dixit,UCB9b46llF45LceeLOo6b2aQ,0,https://yt3.ggpht.com/ytc/AKedOLSiBy2nrpK1QqdK6wPkobC-G0PluTf4M5Q4_g=s176-c-k-c0x00ffffff-no-rj,0.0
UgyUJzgTx_nvNqXCPTN4AaABAg,Another Good one. Keep going ... You are doing a great job.,9 days ago,Chand Batti,UCRmWZWZtD_lgdw8SwWl9Rtg,1,https://yt3.ggpht.com/ytc/AKedOLRrlAQ8inSa1FQUvw-Fr9wWBYQcGhMLuoxs2w=s176-c-k-c0x00ffffff-no-rj,0.0
UgxFn-GVL-xCrrcurUl4AaABAg,Dear Akshat...Definitely one can predict the price of the stock.....chasing entry and exit price is the name of the game in stock market.,9 days ago,Rajiv Nijhawan,UCa5B9k96n4GTz5sy94n2Ueg,1,https://yt3.ggpht.com/ytc/AKedOLSlY16tEQ_j-wnZ9FR26VX0Blx5imL-eN6Dbw=s176-c-k-c0x00ffffff-no-rj,0.0
UgxvtHnXqYsEZlpDfJF4AaABAg,thanks Would love your video on Profit Booking,9 days ago,Property Ace Club,UCh5psPK8Ajs-xJdFz1WczYA,1,https://yt3.ggpht.com/DDXVbc4U0nnXw7mdcwairnUmCH4XMfJGQxW6yuYIU7FYHMHljF6abClT3eBMSkdi-ngezbipNQ=s176-c-k-c0x00ffffff-no-rj,0.0
UgyoxPipG9D6gI5CsZZ4AaABAg,I will forever be in-depted to you  üòá you've changed my life I'll continue to preach about your name for the world to hear  you've saved me from a huge financial debt with just little investment. Thanks Mercy Greg,10 days ago,Janet Carter,UCEgXgBVGf_bmfDQxKfhc4hw,28,https://yt3.ggpht.com/09rWLaj1w4pUUnHOc56FedzVFUL-khQ3tLn12Gxu7w737hblfN5Cb7B7C3wXOSHpJH4PCKX7YQ=s176-c-k-c0x00ffffff-no-rj,0.0
UgyRmvyTiTNLb79ez9p4AaABAg,Yes want video on how to make profit booking,10 days ago,Haresh Tinna,UCNwATQl2YjwVt7QQQDB7Epw,0,https://yt3.ggpht.com/ytc/AKedOLRJJ7lHqwHWYEEgLoRpoSKVYFLquGpXhlGkmQ=s176-c-k-c0x00ffffff-no-rj,0.0
